{"cameraMode":{"drawMode":0,"name":"Shaded","section":"Shading Mode"},"sceneLighting":true,"audioPlay":false,"sceneViewState":{"showFog":true,"showMaterialUpdate":false,"showSkybox":true,"showFlares":true,"showImageEffects":true,"showParticleSystems":true},"in2DMode":false,"pivot":{"x":-72.29869842529297,"y":1.5588104724884034,"z":78.92192840576172},"rotation":{"x":0.0010383232729509473,"y":0.938196063041687,"z":-0.0028145776595920326,"w":0.3460858464241028},"size":13.189911842346192,"orthographic":true}